Workbook

Sheet TARGET DATA
A1: Date | B1: Financial Year | C1: Financial Year2 | D1: Type | E1: Suburb | F1: Full State | G1: State | H1: Postcode | I1: Country | J1: Manager | K1: Category | L1: Buyer | M1: Sales
A2: 45477 | B2: =IF(MONTH(A2)>=7,YEAR(A2)+1,YEAR(A2)) -> 2025 | C2: =IF(MONTH(A2) >= 7, YEAR(A2) & "-" & YEAR(A2) + 1, YEAR(A2) - 1 & "-" & YEAR(A2)) -> 2024-2025 | D2: TARGET BnM STORE | E2: Balcatta | F2: =IF(G2="WA","Western Australia", IF(G2="NSW","New South Wales", IF(G2="QLD","Queensland", IF(G2="VIC","Victoria", IF(G2="TAS","Tasmania", IF(G2="SA","South Australia", IF(G2="NT","Northern Territory", IF(G2="ACT","Australian Capital Territory",G2)))))))) -> Western Australia | G2: WA | H2: 6021 | I2: Australia | J2: Dragan Novak | K2: Clothing, Shoes & Accessories | L2: Caterina Russo | M2: 48
A3: 45630 | B3: =IF(MONTH(A3)>=7,YEAR(A3)+1,YEAR(A3)) -> 2025 | C3: =IF(MONTH(A3) >= 7, YEAR(A3) & "-" & YEAR(A3) + 1, YEAR(A3) - 1 & "-" & YEAR(A3)) -> 2024-2025 | D3: TARGET BnM STORE | E3: Ballina | F3: =IF(G3="WA","Western Australia", IF(G3="NSW","New South Wales", IF(G3="QLD","Queensland", IF(G3="VIC","Victoria", IF(G3="TAS","Tasmania", IF(G3="SA","South Australia", IF(G3="NT","Northern Territory", IF(G3="ACT","Australian Capital Territory",G3)))))))) -> New South Wales | G3: NSW | H3: 2478 | I3: Australia | J3: Waru Saunders | K3: Home, Kitchen & Household Essentials | L3: Iluka Langton | M3: 351
A4: 45417 | B4: =IF(MONTH(A4)>=7,YEAR(A4)+1,YEAR(A4)) -> 2024 | C4: =IF(MONTH(A4) >= 7, YEAR(A4) & "-" & YEAR(A4) + 1, YEAR(A4) - 1 & "-" & YEAR(A4)) -> 2023-2024 | D4: TARGET PICK UP/ DELIVERY | E4: Belconnen | F4: =IF(G4="WA","Western Australia", IF(G4="NSW","New South Wales", IF(G4="QLD","Queensland", IF(G4="VIC","Victoria", IF(G4="TAS","Tasmania", IF(G4="SA","South Australia", IF(G4="NT","Northern Territory", IF(G4="ACT","Australian Capital Territory",G4)))))))) -> Australian Capital Territory | G4: ACT | H4: 2617 | I4: Australia | J4: Anika Villanueva | K4: Home, Kitchen & Household Essentials | L4: Iluka Langton | M4: 566
A5: 45802 | B5: =IF(MONTH(A5)>=7,YEAR(A5)+1,YEAR(A5)) -> 2025 | C5: =IF(MONTH(A5) >= 7, YEAR(A5) & "-" & YEAR(A5) + 1, YEAR(A5) - 1 & "-" & YEAR(A5)) -> 2024-2025 | D5: TARGET BnM STORE | E5: Burleigh Waters | F5: =IF(G5="WA","Western Australia", IF(G5="NSW","New South Wales", IF(G5="QLD","Queensland", IF(G5="VIC","Victoria", IF(G5="TAS","Tasmania", IF(G5="SA","South Australia", IF(G5="NT","Northern Territory", IF(G5="ACT","Australian Capital Territory",G5)))))))) -> Queensland | G5: QLD | H5: 4220 | I5: Australia | J5: Kavindi Perera | K5: Outdoor Living & Garden | L5: Zanele Mbeki | M5: 244
A6: 45537 | B6: =IF(MONTH(A6)>=7,YEAR(A6)+1,YEAR(A6)) -> 2025 | C6: =IF(MONTH(A6) >= 7, YEAR(A6) & "-" & YEAR(A6) + 1, YEAR(A6) - 1 & "-" & YEAR(A6)) -> 2024-2025 | D6: TARGET BnM STORE | E6: Castle Hill | F6: =IF(G6="WA","Western Australia", IF(G6="NSW","New South Wales", IF(G6="QLD","Queensland", IF(G6="VIC","Victoria", IF(G6="TAS","Tasmania", IF(G6="SA","South Australia", IF(G6="NT","Northern Territory", IF(G6="ACT","Australian Capital Territory",G6)))))))) -> New South Wales | G6: NSW | H6: 2154 | I6: Australia | J6: Clementine Walsh | K6: Furniture | L6: Ibrahim Khalil | M6: 484
A7: 45575 | B7: =IF(MONTH(A7)>=7,YEAR(A7)+1,YEAR(A7)) -> 2025 | C7: =IF(MONTH(A7) >= 7, YEAR(A7) & "-" & YEAR(A7) + 1, YEAR(A7) - 1 & "-" & YEAR(A7)) -> 2024-2025 | D7: TARGET BnM STORE | E7: Chatswood | F7: =IF(G7="WA","Western Australia", IF(G7="NSW","New South Wales", IF(G7="QLD","Queensland", IF(G7="VIC","Victoria", IF(G7="TAS","Tasmania", IF(G7="SA","South Australia", IF(G7="NT","Northern Territory", IF(G7="ACT","Australian Capital Territory",G7)))))))) -> New South Wales | G7: NSW | H7: 2067 | I7: Australia | J7: Moana Tui | K7: Clothing, Shoes & Accessories | L7: Caterina Russo | M7: 613
A8: 45334 | B8: =IF(MONTH(A8)>=7,YEAR(A8)+1,YEAR(A8)) -> 2024 | C8: =IF(MONTH(A8) >= 7, YEAR(A8) & "-" & YEAR(A8) + 1, YEAR(A8) - 1 & "-" & YEAR(A8)) -> 2023-2024 | D8: TARGET BnM STORE | E8: Claremont | F8: =IF(G8="WA","Western Australia", IF(G8="NSW","New South Wales", IF(G8="QLD","Queensland", IF(G8="VIC","Victoria", IF(G8="TAS","Tasmania", IF(G8="SA","South Australia", IF(G8="NT","Northern Territory", IF(G8="ACT","Australian Capital Territory",G8)))))))) -> Western Australia | G8: WA | H8: 6010 | I8: Australia | J8: Dragan Novak | K8: Grocery | L8: Amara Okafor | M8: 339
A9: 45595 | B9: =IF(MONTH(A9)>=7,YEAR(A9)+1,YEAR(A9)) -> 2025 | C9: =IF(MONTH(A9) >= 7, YEAR(A9) & "-" & YEAR(A9) + 1, YEAR(A9) - 1 & "-" & YEAR(A9)) -> 2024-2025 | D9: TARGET BnM STORE | E9: Dandenong | F9: =IF(G9="WA","Western Australia", IF(G9="NSW","New South Wales", IF(G9="QLD","Queensland", IF(G9="VIC","Victoria", IF(G9="TAS","Tasmania", IF(G9="SA","South Australia", IF(G9="NT","Northern Territory", IF(G9="ACT","Australian Capital Territory",G9)))))))) -> Victoria | G9: VIC | H9: 3175 | I9: Australia | J9: Fatima Saleh | K9: Home, Kitchen & Household Essentials | L9: Iluka Langton | M9: 559
A10: 45662 | B10: =IF(MONTH(A10)>=7,YEAR(A10)+1,YEAR(A10)) -> 2025 | C10: =IF(MONTH(A10) >= 7, YEAR(A10) & "-" & YEAR(A10) + 1, YEAR(A10) - 1 & "-" & YEAR(A10)) -> 2024-2025 | D10: TARGET BnM STORE | E10: Dural | F10: =IF(G10="WA","Western Australia", IF(G10="NSW","New South Wales", IF(G10="QLD","Queensland", IF(G10="VIC","Victoria", IF(G10="TAS","Tasmania", IF(G10="SA","South Australia", IF(G10="NT","Northern Territory", IF(G10="ACT","Australian Capital Territory",G10)))))))) -> New South Wales | G10: NSW | H10: 2158 | I10: Australia | J10: Clementine Walsh | K10: Furniture | L10: Ibrahim Khalil | M10: 174
A11: 45780 | B11: =IF(MONTH(A11)>=7,YEAR(A11)+1,YEAR(A11)) -> 2025 | C11: =IF(MONTH(A11) >= 7, YEAR(A11) & "-" & YEAR(A11) + 1, YEAR(A11) - 1 & "-" & YEAR(A11)) -> 2024-2025 | D11: TARGET BnM STORE | E11: Epping | F11: =IF(G11="WA","Western Australia", IF(G11="NSW","New South Wales", IF(G11="QLD","Queensland", IF(G11="VIC","Victoria", IF(G11="TAS","Tasmania", IF(G11="SA","South Australia", IF(G11="NT","Northern Territory", IF(G11="ACT","Australian Capital Territory",G11)))))))) -> Victoria | G11: VIC | H11: 3076 | I11: Australia | J11: Alistair Taylor | K11: Beauty, Health & Personal Care | L11: Marco Lombardi | M11: 795
A12: 45674 | B12: =IF(MONTH(A12)>=7,YEAR(A12)+1,YEAR(A12)) -> 2025 | C12: =IF(MONTH(A12) >= 7, YEAR(A12) & "-" & YEAR(A12) + 1, YEAR(A12) - 1 & "-" & YEAR(A12)) -> 2024-2025 | D12: TARGET BnM STORE | E12: Epping | F12: =IF(G12="WA","Western Australia", IF(G12="NSW","New South Wales", IF(G12="QLD","Queensland", IF(G12="VIC","Victoria", IF(G12="TAS","Tasmania", IF(G12="SA","South Australia", IF(G12="NT","Northern Territory", IF(G12="ACT","Australian Capital Territory",G12)))))))) -> Victoria | G12: VIC | H12: 3076 | I12: Australia | J12: Alistair Taylor | K12: Clothing, Shoes & Accessories | L12: Caterina Russo | M12: 473
A13: 45579 | B13: =IF(MONTH(A13)>=7,YEAR(A13)+1,YEAR(A13)) -> 2025 | C13: =IF(MONTH(A13) >= 7, YEAR(A13) & "-" & YEAR(A13) + 1, YEAR(A13) - 1 & "-" & YEAR(A13)) -> 2024-2025 | D13: TARGET BnM STORE | E13: Epsom | F13: =IF(G13="WA","Western Australia", IF(G13="NSW","New South Wales", IF(G13="QLD","Queensland", IF(G13="VIC","Victoria", IF(G13="TAS","Tasmania", IF(G13="SA","South Australia", IF(G13="NT","Northern Territory", IF(G13="ACT","Australian Capital Territory",G13)))))))) -> Victoria | G13: VIC | H13: 3551 | I13: Australia | J13: Lucas Le | K13: Toys, Sports & Outdoors | L13: Lani To’o | M13: 743
... A4506: 45326 | B4506: =IF(MONTH(A4506)>=7,YEAR(A4506)+1,YEAR(A4506)) -> 2024 | C4506: =IF(MONTH(A4506) >= 7, YEAR(A4506) & "-" & YEAR(A4506) + 1, YEAR(A4506) - 1 & "-" & YEAR(A4506)) -> 2023-2024 | D4506: TARGET BnM STORE | E4506: Campbelltown | F4506: =IF(G4506="WA","Western Australia", IF(G4506="NSW","New South Wales", IF(G4506="QLD","Queensland", IF(G4506="VIC","Victoria", IF(G4506="TAS","Tasmania", IF(G4506="SA","South Australia", IF(G4506="NT","Northern Territory", IF(G4506="ACT","Australian Capital Territory",G4506)))))))) -> New South Wales | G4506: NSW | H4506: 2560 | I4506: Australia | J4506: Anika Villanueva | K4506: Home, Kitchen & Household Essentials | L4506: Iluka Langton | M4506: 761

Sheet Total_Revenue
A1: Total Revenue | B1: =SUM(Data[Sales]) -> 1855896
A2: Total Transaction | B2: =COUNT(Data[[#This Row],[Sales]]:Data[Sales]) -> 4505
A3: Average Sales Value | B3: =AVERAGE('TARGET DATA'!M2:Data[Sales]) -> 411.9636
A4: Maximum Sale | B4: =MAX('TARGET DATA'!M2:Data[Sales]) -> 800
A5: Minimum Sale | B5: =MIN('TARGET DATA'!M2:Data[Sales]) -> 20
A6: Total Sales for NSW | B6: =SUMIF('TARGET DATA'!G:G,"NSW",'TARGET DATA'!M:M) -> 545938
A7: No. Transactions for "TARGET BnM Store" | B7: =COUNTIF('TARGET DATA'!D:D,"TARGET BnM STORE") -> 3196
A10: Row Labels | B10: Sum of Sales
A11: Beauty, Health & Personal Care | B11: 170043 | D11: =INDEX(A11:A20,MATCH(MAX(B11:B20),B11:B20,0)) -> Furniture | E11: =MAX(B11:B20) -> 311098
A12: Clothing, Shoes & Accessories | B12: 197252
A13: Electronics | B13: 181768
A14: Furniture | B14: 311098
A15: Grocery | B15: 271374
A16: Home, Kitchen & Household Essentials | B16: 222046
A17: Movie, Music & Books | B17: 50848
A18: Outdoor Living & Garden | B18: 157022
A19: School & Office Supplies | B19: 171431
A20: Toys, Sports & Outdoors | B20: 123014
A21: Grand Total | B21: 1855896
A24: Row Labels | B24: Sum of Sales | D24: Country | E24: States | F24: Sum of Sales
A25: ACT | B25: 41080 | D25: Australia | E25: Australian Capital Territory | F25: 41080
A26: NSW | B26: 545938 | D26: Australia | E26: New South Wales | F26: 545938
A27: NT | B27: 37586 | D27: Australia | E27: Northern Territory | F27: 37586
A28: QLD | B28: 393106 | D28: Australia | E28: Queensland | F28: 393106
A29: SA | B29: 125254 | D29: Australia | E29: South Australia | F29: 125254
A30: TAS | B30: 62833 | D30: Australia | E30: Tasmania | F30: 62833
A31: VIC | B31: 443925 | D31: Australia | E31: Victoria | F31: 443925
A32: WA | B32: 206174 | D32: Australia | E32: Western Australia | F32: 206174
A33: Grand Total | B33: 1855896 | E33: Grand Total | F33: 1855896
A36: Row Labels | B36: Sum of Sales
A37: TARGET BnM STORE | B37: 1300000
A38: TARGET PICK UP/ DELIVERY | B38: 555896
A39: Grand Total | B39: 1855896

Sheet Data_Visualise
E5: =Total_Revenue!B1 -> 1855896
H6: =Total_Revenue!B2 -> 4505 | L6: =Total_Revenue!B3 -> 411.9636 | O6: =MAX(Total_Revenue!B11:B20) -> 311098 | S6: =MAX(Total_Revenue!B25:B32) -> 545938
E10: Total Revenue | I10: Transactions | L10: Average Sale | O10: =INDEX(Total_Revenue!A11:A20,MATCH(MAX(Total_Revenue!B11:B20),Total_Revenue!B11:B20,0)) -> Furniture | S10: =INDEX(Total_Revenue!A25:A32,MATCH(MAX(Total_Revenue!B25:B32),Total_Revenue!B25:B32,0)) -> NSW
O11: [Top Category] | S11: [Top State]
